proyecto,etapa_numero,etapa_nombre,transicion,evento,txid,network,explorer_preprod,confirmaciones_koios_2026-09-11
Torre Volumen 1,1,Adquisición del terreno,Mint (declaración),STAGE_CREATED,3527dae63d58996878f59dbc83f91903173e8943b2d5e3e9e4da12fecd0cde96,Preprod,https://preprod.cardanoscan.io/transaction/3527dae63d58996878f59dbc83f91903173e8943b2d5e3e9e4da12fecd0cde96,3761
Torre Volumen 1,1,Adquisición del terreno,Ancla evidencia,EVIDENCE_ANCHOR,bce9a2ac69130202ffdc6cd580b6f63fb102093d92eec2e095883172d0722485,Preprod,https://preprod.cardanoscan.io/transaction/bce9a2ac69130202ffdc6cd580b6f63fb102093d92eec2e095883172d0722485,3701
Torre Volumen 1,1,Adquisición del terreno,Auto Pending→InProgress,STAGE_TRANSITION,e82bc35a335cbfe869e05def53c29322e95496a84043794e5a72ec613f198ae1,Preprod,https://preprod.cardanoscan.io/transaction/e82bc35a335cbfe869e05def53c29322e95496a84043794e5a72ec613f198ae1,3701
Torre Volumen 1,1,Adquisición del terreno,Observar (InProgress→Observed),STAGE_TRANSITION,a27f329fe7aad4456425ca59489ffd26071a06d771924f66f4c880ac14df2b6c,Preprod,https://preprod.cardanoscan.io/transaction/a27f329fe7aad4456425ca59489ffd26071a06d771924f66f4c880ac14df2b6c,3607
Torre Volumen 1,1,Adquisición del terreno,Reanudar (Observed→InProgress),STAGE_TRANSITION,e7f9c7b7d88bf9d84c5931a35f40742c4a1a6fb69a5081aa797a7be91ee23e95,Preprod,https://preprod.cardanoscan.io/transaction/e7f9c7b7d88bf9d84c5931a35f40742c4a1a6fb69a5081aa797a7be91ee23e95,3528
Torre Volumen 1,1,Adquisición del terreno,Certificar (InProgress→Completed),STAGE_TRANSITION,3a1f95cf82ac4e12c267e3645439e3e8013c4548fe754d4ac203e5b1044e68eb,Preprod,https://preprod.cardanoscan.io/transaction/3a1f95cf82ac4e12c267e3645439e3e8013c4548fe754d4ac203e5b1044e68eb,3494
Torre Volumen 1,2,Proyecto ejecutivo,Mint (declaración),STAGE_CREATED,ca6793e071de3b19dbc25136e6868ce3adf5a46c0fe4d8b77e3389c282cc7573,Preprod,https://preprod.cardanoscan.io/transaction/ca6793e071de3b19dbc25136e6868ce3adf5a46c0fe4d8b77e3389c282cc7573,3760
Torre Volumen 1,2,Proyecto ejecutivo,Ancla evidencia,EVIDENCE_ANCHOR,b377f2b157b47f9a98d02c418f7423dc08613dd62bda6b03cfd1b26cb37e9ece,Preprod,https://preprod.cardanoscan.io/transaction/b377f2b157b47f9a98d02c418f7423dc08613dd62bda6b03cfd1b26cb37e9ece,3698
Torre Volumen 1,2,Proyecto ejecutivo,Auto Pending→InProgress,STAGE_TRANSITION,7412e42b9403a4e4051d2adcb7782b76e61ec117cee45d01f1621bdf264b8b47,Preprod,https://preprod.cardanoscan.io/transaction/7412e42b9403a4e4051d2adcb7782b76e61ec117cee45d01f1621bdf264b8b47,3698
Torre Volumen 1,2,Proyecto ejecutivo,Observar (InProgress→Observed),STAGE_TRANSITION,5bef86563f8cfb543aa448fe91bbd4ed565ac2d21678adf88f33e8364ea02289,Preprod,https://preprod.cardanoscan.io/transaction/5bef86563f8cfb543aa448fe91bbd4ed565ac2d21678adf88f33e8364ea02289,3603
Torre Volumen 1,2,Proyecto ejecutivo,Reanudar (Observed→InProgress),STAGE_TRANSITION,ad8b6633882a6f3cbc3e367f46211be40c6101fc4f862934d5902a72b828ed53,Preprod,https://preprod.cardanoscan.io/transaction/ad8b6633882a6f3cbc3e367f46211be40c6101fc4f862934d5902a72b828ed53,3528
Torre Volumen 1,2,Proyecto ejecutivo,Certificar (InProgress→Completed),STAGE_TRANSITION,cf0e14652205163b33309519227bf341a490e78b80ddac0a06503fdf40fd7c27,Preprod,https://preprod.cardanoscan.io/transaction/cf0e14652205163b33309519227bf341a490e78b80ddac0a06503fdf40fd7c27,3494
Torre Volumen 1,3,Movimiento de suelos y excavación,Mint (declaración),STAGE_CREATED,61067ba2fe920bfbb350559ba7007a7beed7dd9790713878df3fd0ba3b3b6240,Preprod,https://preprod.cardanoscan.io/transaction/61067ba2fe920bfbb350559ba7007a7beed7dd9790713878df3fd0ba3b3b6240,3759
Torre Volumen 1,3,Movimiento de suelos y excavación,Ancla evidencia,EVIDENCE_ANCHOR,0132d1497f2e63247bd78d13728c46c31748114bb3de7e838535c9e428eafb2c,Preprod,https://preprod.cardanoscan.io/transaction/0132d1497f2e63247bd78d13728c46c31748114bb3de7e838535c9e428eafb2c,3695
Torre Volumen 1,3,Movimiento de suelos y excavación,Auto Pending→InProgress,STAGE_TRANSITION,49a6be960d61ba55ba4d16de9b766676d4da155581dcbccace52621e2fe4dbf6,Preprod,https://preprod.cardanoscan.io/transaction/49a6be960d61ba55ba4d16de9b766676d4da155581dcbccace52621e2fe4dbf6,3695
Torre Volumen 1,3,Movimiento de suelos y excavación,Observar (InProgress→Observed),STAGE_TRANSITION,fc37cac7dd081198629a464d038e69f8130ba123295ccf2043775426cce7ea65,Preprod,https://preprod.cardanoscan.io/transaction/fc37cac7dd081198629a464d038e69f8130ba123295ccf2043775426cce7ea65,3597
Torre Volumen 1,3,Movimiento de suelos y excavación,Reanudar (Observed→InProgress),STAGE_TRANSITION,9a57f563e7d5627f22d9a062d26049d48789c91014d8b676298c0eb7c71f9e68,Preprod,https://preprod.cardanoscan.io/transaction/9a57f563e7d5627f22d9a062d26049d48789c91014d8b676298c0eb7c71f9e68,3521
Torre Volumen 1,3,Movimiento de suelos y excavación,Certificar (InProgress→Completed),STAGE_TRANSITION,8753cd70211c4f8182da14d25375f81218d8a0568975e4ad0d5e76557ab148a4,Preprod,https://preprod.cardanoscan.io/transaction/8753cd70211c4f8182da14d25375f81218d8a0568975e4ad0d5e76557ab148a4,3077
Torre Volumen 1,4,Cimentación,Mint (declaración),STAGE_CREATED,ad0fe12703dd89470f4ad7b9ee69b9e681dc0434f14edc685a673c2f191609e4,Preprod,https://preprod.cardanoscan.io/transaction/ad0fe12703dd89470f4ad7b9ee69b9e681dc0434f14edc685a673c2f191609e4,3758
Torre Volumen 1,4,Cimentación,Ancla evidencia,EVIDENCE_ANCHOR,46bf2b8c64b10eb26a99005d888339c423ae692eee5d3b02fddfe9d5e40737e7,Preprod,https://preprod.cardanoscan.io/transaction/46bf2b8c64b10eb26a99005d888339c423ae692eee5d3b02fddfe9d5e40737e7,3693
Torre Volumen 1,4,Cimentación,Auto Pending→InProgress,STAGE_TRANSITION,1972aa5e68d4fe800a6542f16f956b7352d8f7bd62752dedd3c5b725f89a12a4,Preprod,https://preprod.cardanoscan.io/transaction/1972aa5e68d4fe800a6542f16f956b7352d8f7bd62752dedd3c5b725f89a12a4,3692
Torre Volumen 1,4,Cimentación,Observar (InProgress→Observed),STAGE_TRANSITION,270cfea4fabf232573e94b69324b69054f41f344fbaeca6b95dfe5d16595dd06,Preprod,https://preprod.cardanoscan.io/transaction/270cfea4fabf232573e94b69324b69054f41f344fbaeca6b95dfe5d16595dd06,3582
Torre Volumen 1,4,Cimentación,Reanudar (Observed→InProgress),STAGE_TRANSITION,cf23d689952846413a4efedea45c4d148e8a9284796ae47e2010c05a84e10f4a,Preprod,https://preprod.cardanoscan.io/transaction/cf23d689952846413a4efedea45c4d148e8a9284796ae47e2010c05a84e10f4a,3070
Torre Volumen 1,4,Cimentación,Certificar (InProgress→Completed),STAGE_TRANSITION,75b9dcfd267848cefcc7a150f84b816524769736dfca7694012f53380d341ba8,Preprod,https://preprod.cardanoscan.io/transaction/75b9dcfd267848cefcc7a150f84b816524769736dfca7694012f53380d341ba8,3065
Torre Volumen 1,5,Estructura planta baja,Mint (declaración),STAGE_CREATED,3319e8e26babbb02ecabb14214c956abf6b7e79ccbb9de410817362562e1e25d,Preprod,https://preprod.cardanoscan.io/transaction/3319e8e26babbb02ecabb14214c956abf6b7e79ccbb9de410817362562e1e25d,3757
Torre Volumen 1,5,Estructura planta baja,Ancla evidencia,EVIDENCE_ANCHOR,113e729ec564b8f3c748145bd0645a2b56fbfc54654202d1e20f116f843addfc,Preprod,https://preprod.cardanoscan.io/transaction/113e729ec564b8f3c748145bd0645a2b56fbfc54654202d1e20f116f843addfc,3688
Torre Volumen 1,5,Estructura planta baja,Auto Pending→InProgress,STAGE_TRANSITION,5736ced65bb251ca350fb1d9e31cafffac192906e3dcd94d1675914127162576,Preprod,https://preprod.cardanoscan.io/transaction/5736ced65bb251ca350fb1d9e31cafffac192906e3dcd94d1675914127162576,3688
Torre Volumen 1,5,Estructura planta baja,Observar (InProgress→Observed),STAGE_TRANSITION,0fb0feb61c995364d63b023c94a37e0372ca0d1d2a11db0569dc90937236b2a4,Preprod,https://preprod.cardanoscan.io/transaction/0fb0feb61c995364d63b023c94a37e0372ca0d1d2a11db0569dc90937236b2a4,3580
Torre Volumen 1,5,Estructura planta baja,Reanudar (Observed→InProgress),STAGE_TRANSITION,cbf60e0a3ceb830ff8fcc80a6cabcb876887c56118b2c4f3e0d8dc04e51edca3,Preprod,https://preprod.cardanoscan.io/transaction/cbf60e0a3ceb830ff8fcc80a6cabcb876887c56118b2c4f3e0d8dc04e51edca3,3519
Torre Volumen 1,5,Estructura planta baja,Certificar (InProgress→Completed),STAGE_TRANSITION,636260b0b67c0fc9f56a5baef91864c82221bf2dde0f653dba119ca0d3ba56f6,Preprod,https://preprod.cardanoscan.io/transaction/636260b0b67c0fc9f56a5baef91864c82221bf2dde0f653dba119ca0d3ba56f6,3493
Torre Volumen 1,6,Estructura niveles superiores,Mint (declaración),STAGE_CREATED,f24667903957ee5f1e861bff00e6d754a21e1b7ae8c2c8cd18862fa0d745f482,Preprod,https://preprod.cardanoscan.io/transaction/f24667903957ee5f1e861bff00e6d754a21e1b7ae8c2c8cd18862fa0d745f482,3755
Torre Volumen 1,6,Estructura niveles superiores,Ancla evidencia,EVIDENCE_ANCHOR,b6e9e7d651d15a69d7757a039ec2dc56ba4b82352a300ae545aa09b6deb4b6ad,Preprod,https://preprod.cardanoscan.io/transaction/b6e9e7d651d15a69d7757a039ec2dc56ba4b82352a300ae545aa09b6deb4b6ad,3684
Torre Volumen 1,6,Estructura niveles superiores,Auto Pending→InProgress,STAGE_TRANSITION,fddf96d86bab1f01b5db73c000b9e571ee9fdc88841873af5056458e073fa4de,Preprod,https://preprod.cardanoscan.io/transaction/fddf96d86bab1f01b5db73c000b9e571ee9fdc88841873af5056458e073fa4de,3684
Torre Volumen 1,6,Estructura niveles superiores,Observar (InProgress→Observed),STAGE_TRANSITION,0657eebfa52e3775595c9f1b2ad5ff5bb989c1decf359355674325b4c7f238a4,Preprod,https://preprod.cardanoscan.io/transaction/0657eebfa52e3775595c9f1b2ad5ff5bb989c1decf359355674325b4c7f238a4,3566
Torre Volumen 1,6,Estructura niveles superiores,Reanudar (Observed→InProgress),STAGE_TRANSITION,d5e8f54c298f8fb0f42a16685090526af1466a55e5a5ed733e065c47cecc1556,Preprod,https://preprod.cardanoscan.io/transaction/d5e8f54c298f8fb0f42a16685090526af1466a55e5a5ed733e065c47cecc1556,3518
Torre Volumen 1,6,Estructura niveles superiores,Certificar (InProgress→Completed),STAGE_TRANSITION,c3c0bd1925eaa0554bee0daf3e0ff05e84787ee377ba22d909d20f4e437a82fc,Preprod,https://preprod.cardanoscan.io/transaction/c3c0bd1925eaa0554bee0daf3e0ff05e84787ee377ba22d909d20f4e437a82fc,3491
Torre Volumen 1,7,Cerramientos y mampostería,Mint (declaración),STAGE_CREATED,3759177e0e18f520b02454d3df9bb9066aa2f58cb37a4ca4a61615171c6c3ed1,Preprod,https://preprod.cardanoscan.io/transaction/3759177e0e18f520b02454d3df9bb9066aa2f58cb37a4ca4a61615171c6c3ed1,3754
Torre Volumen 1,7,Cerramientos y mampostería,Ancla evidencia,EVIDENCE_ANCHOR,4aa94e5207574700a1adc214ac9551c947fc76151e248eea02b4d4e57263411b,Preprod,https://preprod.cardanoscan.io/transaction/4aa94e5207574700a1adc214ac9551c947fc76151e248eea02b4d4e57263411b,3680
Torre Volumen 1,7,Cerramientos y mampostería,Auto Pending→InProgress,STAGE_TRANSITION,17b8ba858673a85930a20c98f25a4cf9ab0ac11715b6924b3e22b9c4e82c015f,Preprod,https://preprod.cardanoscan.io/transaction/17b8ba858673a85930a20c98f25a4cf9ab0ac11715b6924b3e22b9c4e82c015f,3679
Torre Volumen 1,7,Cerramientos y mampostería,Observar (InProgress→Observed),STAGE_TRANSITION,fac73f94fad34601f9cbdc2ad8b0b4ad8bff371248430c762dcde6ff2f0414c2,Preprod,https://preprod.cardanoscan.io/transaction/fac73f94fad34601f9cbdc2ad8b0b4ad8bff371248430c762dcde6ff2f0414c2,3565
Torre Volumen 1,7,Cerramientos y mampostería,Reanudar (Observed→InProgress),STAGE_TRANSITION,06f51b9cd7f773b3b68dcb95c1ff1039e53458d63703b3bb304bfee44610c689,Preprod,https://preprod.cardanoscan.io/transaction/06f51b9cd7f773b3b68dcb95c1ff1039e53458d63703b3bb304bfee44610c689,3517
Torre Volumen 1,7,Cerramientos y mampostería,Certificar (InProgress→Completed),STAGE_TRANSITION,5b080c1ffd8988c6f60603334bbc9447ce31fc3944c873b1fba5654205e81e70,Preprod,https://preprod.cardanoscan.io/transaction/5b080c1ffd8988c6f60603334bbc9447ce31fc3944c873b1fba5654205e81e70,3491
Torre Volumen 1,8,Instalaciones,Mint (declaración),STAGE_CREATED,0b71997e680748e92cf06e09db8d65fe17cc625f2e3af046d5b0a869aff47189,Preprod,https://preprod.cardanoscan.io/transaction/0b71997e680748e92cf06e09db8d65fe17cc625f2e3af046d5b0a869aff47189,3750
Torre Volumen 1,8,Instalaciones,Ancla evidencia,EVIDENCE_ANCHOR,f73af36678a0f54ee50ce54dec25ab9899c2a018c14c4dc6659e5f0905a13ab8,Preprod,https://preprod.cardanoscan.io/transaction/f73af36678a0f54ee50ce54dec25ab9899c2a018c14c4dc6659e5f0905a13ab8,3677
Torre Volumen 1,8,Instalaciones,Auto Pending→InProgress,STAGE_TRANSITION,fd78664b3b6599ff99097f1fd2e7bd99c70cf9afbecd4fe2d1bbc071a8b853fd,Preprod,https://preprod.cardanoscan.io/transaction/fd78664b3b6599ff99097f1fd2e7bd99c70cf9afbecd4fe2d1bbc071a8b853fd,3676
Torre Volumen 1,8,Instalaciones,Observar (InProgress→Observed),STAGE_TRANSITION,cb46248e9fed481262dda1d514e05b26db8dbf337e747dc5203c397794eabdbb,Preprod,https://preprod.cardanoscan.io/transaction/cb46248e9fed481262dda1d514e05b26db8dbf337e747dc5203c397794eabdbb,3561
Torre Volumen 1,8,Instalaciones,Reanudar (Observed→InProgress),STAGE_TRANSITION,dcef912606d674522fb6a581e14d48a457683b1ea77898646486f1138a6615b6,Preprod,https://preprod.cardanoscan.io/transaction/dcef912606d674522fb6a581e14d48a457683b1ea77898646486f1138a6615b6,3517
Torre Volumen 1,8,Instalaciones,Certificar (InProgress→Completed),STAGE_TRANSITION,ead1aa198a77e19bb2d73bc3529203e08afe8b50aae334edf66b766253f5dfca,Preprod,https://preprod.cardanoscan.io/transaction/ead1aa198a77e19bb2d73bc3529203e08afe8b50aae334edf66b766253f5dfca,3490
Torre Volumen 1,9,Terminaciones,Mint (declaración),STAGE_CREATED,085ebd2ec2b589ac2baf8dbae106118c74e27d24a02eb9811078f0b5cfe2c6fb,Preprod,https://preprod.cardanoscan.io/transaction/085ebd2ec2b589ac2baf8dbae106118c74e27d24a02eb9811078f0b5cfe2c6fb,3749
Torre Volumen 1,9,Terminaciones,Ancla evidencia,EVIDENCE_ANCHOR,6c6c1e208285c9395a099d0f5502e3d9ab5083adbc8629068decf9241254012d,Preprod,https://preprod.cardanoscan.io/transaction/6c6c1e208285c9395a099d0f5502e3d9ab5083adbc8629068decf9241254012d,3672
Torre Volumen 1,9,Terminaciones,Auto Pending→InProgress,STAGE_TRANSITION,c837dd192222c49ee971a9d8188195dd35d4216422d8b2fb12cc3a9d0bdb37d0,Preprod,https://preprod.cardanoscan.io/transaction/c837dd192222c49ee971a9d8188195dd35d4216422d8b2fb12cc3a9d0bdb37d0,3672
Torre Volumen 1,9,Terminaciones,Observar (InProgress→Observed),STAGE_TRANSITION,531cb045476bce32010fb54e588e48566b871aebfd9b1a05f05927a2a3eed82b,Preprod,https://preprod.cardanoscan.io/transaction/531cb045476bce32010fb54e588e48566b871aebfd9b1a05f05927a2a3eed82b,3562
Torre Volumen 1,9,Terminaciones,Reanudar (Observed→InProgress),STAGE_TRANSITION,2cbb0bc5b1abac1cee1120499fc4c28fb78749f8ccc2c3a8e39e1784a7f9aeba,Preprod,https://preprod.cardanoscan.io/transaction/2cbb0bc5b1abac1cee1120499fc4c28fb78749f8ccc2c3a8e39e1784a7f9aeba,3516
Torre Volumen 1,9,Terminaciones,Certificar (InProgress→Completed),STAGE_TRANSITION,9ebcf753e8c88ba6b4c3aed1de2b41bd968aa1d74a66e325fb83aaf68ae3bc5b,Preprod,https://preprod.cardanoscan.io/transaction/9ebcf753e8c88ba6b4c3aed1de2b41bd968aa1d74a66e325fb83aaf68ae3bc5b,3490
Torre Volumen 1,10,Final de obra y subdivisión,Mint (declaración),STAGE_CREATED,fe3d21b358bf931e5f78dbc559f66cc2b2b341a9c5a62dc95c504dd6ef0af2b2,Preprod,https://preprod.cardanoscan.io/transaction/fe3d21b358bf931e5f78dbc559f66cc2b2b341a9c5a62dc95c504dd6ef0af2b2,3748
Torre Volumen 1,10,Final de obra y subdivisión,Ancla evidencia,EVIDENCE_ANCHOR,36fce09bd1a041b41fbb04fa573b1f4f253e95e0cd62d0bc2cf9dd010e346dad,Preprod,https://preprod.cardanoscan.io/transaction/36fce09bd1a041b41fbb04fa573b1f4f253e95e0cd62d0bc2cf9dd010e346dad,3667
Torre Volumen 1,10,Final de obra y subdivisión,Auto Pending→InProgress,STAGE_TRANSITION,831a17ab5b34365437787729cdb2750a90a033af858ff839738c6e9a665fd9e7,Preprod,https://preprod.cardanoscan.io/transaction/831a17ab5b34365437787729cdb2750a90a033af858ff839738c6e9a665fd9e7,3667
Torre Volumen 1,10,Final de obra y subdivisión,Observar (InProgress→Observed),STAGE_TRANSITION,2e5f84b76f0a9f950cad20018d1aac526981044e1c135cd2bc9aa9bc15873609,Preprod,https://preprod.cardanoscan.io/transaction/2e5f84b76f0a9f950cad20018d1aac526981044e1c135cd2bc9aa9bc15873609,3558
Torre Volumen 1,10,Final de obra y subdivisión,Reanudar (Observed→InProgress),STAGE_TRANSITION,aa1abfd70a388fcb26eb2e3ffab3d12e6450db4e8c866bd7d286a85ea333714e,Preprod,https://preprod.cardanoscan.io/transaction/aa1abfd70a388fcb26eb2e3ffab3d12e6450db4e8c866bd7d286a85ea333714e,3516
Torre Volumen 1,10,Final de obra y subdivisión,Certificar (InProgress→Completed),STAGE_TRANSITION,ab9794a5010eb0d6f672cd0e9bc45f1499a8e38f904e3ca080625c7714b95ba7,Preprod,https://preprod.cardanoscan.io/transaction/ab9794a5010eb0d6f672cd0e9bc45f1499a8e38f904e3ca080625c7714b95ba7,3489
Torre Volumen 2,1,Adquisición del terreno,Mint (declaración),STAGE_CREATED,d253922c485274b6c4cc79069564fc25ffc0fd9380ef5944d6963462437cf0af,Preprod,https://preprod.cardanoscan.io/transaction/d253922c485274b6c4cc79069564fc25ffc0fd9380ef5944d6963462437cf0af,3743
Torre Volumen 2,1,Adquisición del terreno,Ancla evidencia,EVIDENCE_ANCHOR,f4df818e30b64f7c74fbcfd54308a83a5d0648fb2018701bbe33b43d6fdaca33,Preprod,https://preprod.cardanoscan.io/transaction/f4df818e30b64f7c74fbcfd54308a83a5d0648fb2018701bbe33b43d6fdaca33,3664
Torre Volumen 2,1,Adquisición del terreno,Auto Pending→InProgress,STAGE_TRANSITION,e6df4aba0a3fb38179cd69b9eb817e3fdd06dbf0aa6ca67174cf065ac835e72f,Preprod,https://preprod.cardanoscan.io/transaction/e6df4aba0a3fb38179cd69b9eb817e3fdd06dbf0aa6ca67174cf065ac835e72f,3664
Torre Volumen 2,1,Adquisición del terreno,Observar (InProgress→Observed),STAGE_TRANSITION,5bf3fc45f50b9c91be9ebe3edde5565b6938dcffd7d76065f3d4832dfc5c4125,Preprod,https://preprod.cardanoscan.io/transaction/5bf3fc45f50b9c91be9ebe3edde5565b6938dcffd7d76065f3d4832dfc5c4125,3556
Torre Volumen 2,1,Adquisición del terreno,Reanudar (Observed→InProgress),STAGE_TRANSITION,c9227010477854f49378182140753ea3a5a8dcd67ff98d480bd4d5b7864bc166,Preprod,https://preprod.cardanoscan.io/transaction/c9227010477854f49378182140753ea3a5a8dcd67ff98d480bd4d5b7864bc166,3516
Torre Volumen 2,1,Adquisición del terreno,Certificar (InProgress→Completed),STAGE_TRANSITION,6b50c5ca5ede70b2963b6c395e3d4b51ead85f6588b2ad07a91394597e9bcab6,Preprod,https://preprod.cardanoscan.io/transaction/6b50c5ca5ede70b2963b6c395e3d4b51ead85f6588b2ad07a91394597e9bcab6,3488
Torre Volumen 2,2,Proyecto ejecutivo,Mint (declaración),STAGE_CREATED,9b14ec76069b288397955f48fd40f5f2ae532c456be4c2e0d0b6860dcd39d6a2,Preprod,https://preprod.cardanoscan.io/transaction/9b14ec76069b288397955f48fd40f5f2ae532c456be4c2e0d0b6860dcd39d6a2,3742
Torre Volumen 2,2,Proyecto ejecutivo,Ancla evidencia,EVIDENCE_ANCHOR,d4e4734b359498ae890865f40b3df84d7de5b22be792f547b51f3886a7c06d9d,Preprod,https://preprod.cardanoscan.io/transaction/d4e4734b359498ae890865f40b3df84d7de5b22be792f547b51f3886a7c06d9d,3660
Torre Volumen 2,2,Proyecto ejecutivo,Auto Pending→InProgress,STAGE_TRANSITION,0d9034de19a21a23accef7e0054147ea8569a8f33610681e40de1defe110e30a,Preprod,https://preprod.cardanoscan.io/transaction/0d9034de19a21a23accef7e0054147ea8569a8f33610681e40de1defe110e30a,3660
Torre Volumen 2,2,Proyecto ejecutivo,Observar (InProgress→Observed),STAGE_TRANSITION,e1d0528b8ec48ed2f601d11ffda0250143153c66bbc2bf424a293114e13fc92c,Preprod,https://preprod.cardanoscan.io/transaction/e1d0528b8ec48ed2f601d11ffda0250143153c66bbc2bf424a293114e13fc92c,3555
Torre Volumen 2,2,Proyecto ejecutivo,Reanudar (Observed→InProgress),STAGE_TRANSITION,c2768c1e712d7e6f42484a56ceb2de5bdd1a3684daa1fcdf00dcea6958dd798e,Preprod,https://preprod.cardanoscan.io/transaction/c2768c1e712d7e6f42484a56ceb2de5bdd1a3684daa1fcdf00dcea6958dd798e,3515
Torre Volumen 2,2,Proyecto ejecutivo,Certificar (InProgress→Completed),STAGE_TRANSITION,2f754af5c1b445d300ed81bc8a5ece986516518bdacbd17e072baf4cb19258a3,Preprod,https://preprod.cardanoscan.io/transaction/2f754af5c1b445d300ed81bc8a5ece986516518bdacbd17e072baf4cb19258a3,3487
Torre Volumen 2,3,Movimiento de suelos y excavación,Mint (declaración),STAGE_CREATED,d5fced405b5b3f256c0a33b19cce9284ef76d321086eb41315ebb8cb329e2aa2,Preprod,https://preprod.cardanoscan.io/transaction/d5fced405b5b3f256c0a33b19cce9284ef76d321086eb41315ebb8cb329e2aa2,3740
Torre Volumen 2,3,Movimiento de suelos y excavación,Ancla evidencia,EVIDENCE_ANCHOR,b36aa79c33c85fbef36c25f270c8f7ac28521d75f3579b163ef01c8dd07b1aa2,Preprod,https://preprod.cardanoscan.io/transaction/b36aa79c33c85fbef36c25f270c8f7ac28521d75f3579b163ef01c8dd07b1aa2,3656
Torre Volumen 2,3,Movimiento de suelos y excavación,Auto Pending→InProgress,STAGE_TRANSITION,ac7bd08fd8bee1bda6ddce08f89a6f0ff1dcfe98e1b14196777bb8f9df9d792c,Preprod,https://preprod.cardanoscan.io/transaction/ac7bd08fd8bee1bda6ddce08f89a6f0ff1dcfe98e1b14196777bb8f9df9d792c,3656
Torre Volumen 2,3,Movimiento de suelos y excavación,Observar (InProgress→Observed),STAGE_TRANSITION,ea8c78ef3244e8551af2e42db2a37fb40a4d14b091d6aa4797c0baf12385e03a,Preprod,https://preprod.cardanoscan.io/transaction/ea8c78ef3244e8551af2e42db2a37fb40a4d14b091d6aa4797c0baf12385e03a,3553
Torre Volumen 2,3,Movimiento de suelos y excavación,Reanudar (Observed→InProgress),STAGE_TRANSITION,d451bbbce026434ecb2a76b38dd516ad63b24835f24a9522631bd270b00c78b5,Preprod,https://preprod.cardanoscan.io/transaction/d451bbbce026434ecb2a76b38dd516ad63b24835f24a9522631bd270b00c78b5,3513
Torre Volumen 2,3,Movimiento de suelos y excavación,Certificar (InProgress→Completed),STAGE_TRANSITION,a5c90d6cef0dd15f1553ad3a40437e7e008e32e99963883d4e9d551358724f0f,Preprod,https://preprod.cardanoscan.io/transaction/a5c90d6cef0dd15f1553ad3a40437e7e008e32e99963883d4e9d551358724f0f,3483
Torre Volumen 2,4,Cimentación,Mint (declaración),STAGE_CREATED,5fa9493e2208ed94696354d7ca7374acb97a2683bb496db46d91a96b39f422fc,Preprod,https://preprod.cardanoscan.io/transaction/5fa9493e2208ed94696354d7ca7374acb97a2683bb496db46d91a96b39f422fc,3739
Torre Volumen 2,4,Cimentación,Ancla evidencia,EVIDENCE_ANCHOR,5cd74d393fd69e74d84eb156d66e4c40f7b489a9f003399a8d68a248918cc0c0,Preprod,https://preprod.cardanoscan.io/transaction/5cd74d393fd69e74d84eb156d66e4c40f7b489a9f003399a8d68a248918cc0c0,3654
Torre Volumen 2,4,Cimentación,Auto Pending→InProgress,STAGE_TRANSITION,286586df2416fa21d83dd4aa17b40ab6dbb900ddd835adf6a3beada2ee9bebaf,Preprod,https://preprod.cardanoscan.io/transaction/286586df2416fa21d83dd4aa17b40ab6dbb900ddd835adf6a3beada2ee9bebaf,3654
Torre Volumen 2,4,Cimentación,Observar (InProgress→Observed),STAGE_TRANSITION,80c693dfcb59abc77128c7a276750e27d1c0e80f89a6103f7178f02d58d5c543,Preprod,https://preprod.cardanoscan.io/transaction/80c693dfcb59abc77128c7a276750e27d1c0e80f89a6103f7178f02d58d5c543,3552
Torre Volumen 2,4,Cimentación,Reanudar (Observed→InProgress),STAGE_TRANSITION,255bfd5c4f577ec14031e920d4520e2f9656fb822fa07402f68343199d987f47,Preprod,https://preprod.cardanoscan.io/transaction/255bfd5c4f577ec14031e920d4520e2f9656fb822fa07402f68343199d987f47,3513
Torre Volumen 2,4,Cimentación,Certificar (InProgress→Completed),STAGE_TRANSITION,0238a9ae5ae6bb5ac96595ca9a58eca215d52b2f0106bc155096a163c12b2d25,Preprod,https://preprod.cardanoscan.io/transaction/0238a9ae5ae6bb5ac96595ca9a58eca215d52b2f0106bc155096a163c12b2d25,3482
Torre Volumen 2,5,Estructura planta baja,Mint (declaración),STAGE_CREATED,d2a43fe211837f40b1c273bd0196fbcb5dd67b329c7e0cee45883e210efff398,Preprod,https://preprod.cardanoscan.io/transaction/d2a43fe211837f40b1c273bd0196fbcb5dd67b329c7e0cee45883e210efff398,3737
Torre Volumen 2,5,Estructura planta baja,Ancla evidencia,EVIDENCE_ANCHOR,c9f7e5817a409c2850ed8b082830de1542aabf2c382d46e9dfef48e7cd4f49a7,Preprod,https://preprod.cardanoscan.io/transaction/c9f7e5817a409c2850ed8b082830de1542aabf2c382d46e9dfef48e7cd4f49a7,3653
Torre Volumen 2,5,Estructura planta baja,Auto Pending→InProgress,STAGE_TRANSITION,33f7deb053da97125c4ba61ab4b70af8ba00c3a9ecb9f556012275ddade0463a,Preprod,https://preprod.cardanoscan.io/transaction/33f7deb053da97125c4ba61ab4b70af8ba00c3a9ecb9f556012275ddade0463a,3653
Torre Volumen 2,5,Estructura planta baja,Observar (InProgress→Observed),STAGE_TRANSITION,ae376b86bd727974574c77a007bd07e0f69b24963bbc2ae778b2a2975efc278f,Preprod,https://preprod.cardanoscan.io/transaction/ae376b86bd727974574c77a007bd07e0f69b24963bbc2ae778b2a2975efc278f,3550
Torre Volumen 2,5,Estructura planta baja,Reanudar (Observed→InProgress),STAGE_TRANSITION,0069507b3c1aba88ad4852cf56265c2bf729b7857f35458d4d495062533c9455,Preprod,https://preprod.cardanoscan.io/transaction/0069507b3c1aba88ad4852cf56265c2bf729b7857f35458d4d495062533c9455,3513
Torre Volumen 2,5,Estructura planta baja,Certificar (InProgress→Completed),STAGE_TRANSITION,3031b0198fce05fe9b25efa5e3b28138ab06bc1baf00a00c86599cad527102bf,Preprod,https://preprod.cardanoscan.io/transaction/3031b0198fce05fe9b25efa5e3b28138ab06bc1baf00a00c86599cad527102bf,3481
Torre Volumen 2,6,Estructura niveles superiores,Mint (declaración),STAGE_CREATED,de5e195779b814a20b9a37938ab245f0c0e9b6b599683c9d564f6a69439ff235,Preprod,https://preprod.cardanoscan.io/transaction/de5e195779b814a20b9a37938ab245f0c0e9b6b599683c9d564f6a69439ff235,3735
Torre Volumen 2,6,Estructura niveles superiores,Ancla evidencia,EVIDENCE_ANCHOR,40fd381daecbc1239c73afd07ae0d8907c39a6e99d77dc063158b608f1ac50c7,Preprod,https://preprod.cardanoscan.io/transaction/40fd381daecbc1239c73afd07ae0d8907c39a6e99d77dc063158b608f1ac50c7,3648
Torre Volumen 2,6,Estructura niveles superiores,Auto Pending→InProgress,STAGE_TRANSITION,c71d3593cacbd643498c26602fd557b4527c692f350c5ff35a76e95af04e3f0c,Preprod,https://preprod.cardanoscan.io/transaction/c71d3593cacbd643498c26602fd557b4527c692f350c5ff35a76e95af04e3f0c,3648
Torre Volumen 2,6,Estructura niveles superiores,Observar (InProgress→Observed),STAGE_TRANSITION,9d7696c5523f83fb3ebe2c8df7ba75c35eaaa92d53cc92c21468c68382b41dc9,Preprod,https://preprod.cardanoscan.io/transaction/9d7696c5523f83fb3ebe2c8df7ba75c35eaaa92d53cc92c21468c68382b41dc9,3548
Torre Volumen 2,6,Estructura niveles superiores,Reanudar (Observed→InProgress),STAGE_TRANSITION,a9cf646aca7a1b4d0fe16b31dbf2b8ed55f266689ea443d0b7c52efb31f70f6e,Preprod,https://preprod.cardanoscan.io/transaction/a9cf646aca7a1b4d0fe16b31dbf2b8ed55f266689ea443d0b7c52efb31f70f6e,3511
Torre Volumen 2,6,Estructura niveles superiores,Certificar (InProgress→Completed),STAGE_TRANSITION,cad2aa46265feefc9eadc0324fe139d94e3192ebd89898a13cfce4a453e77c85,Preprod,https://preprod.cardanoscan.io/transaction/cad2aa46265feefc9eadc0324fe139d94e3192ebd89898a13cfce4a453e77c85,3479
Torre Volumen 2,7,Cerramientos y mampostería,Mint (declaración),STAGE_CREATED,633a5f5980c845f408268a536d310083363ae56dd0b27997e8c3a8457e594952,Preprod,https://preprod.cardanoscan.io/transaction/633a5f5980c845f408268a536d310083363ae56dd0b27997e8c3a8457e594952,3733
Torre Volumen 2,7,Cerramientos y mampostería,Ancla evidencia,EVIDENCE_ANCHOR,158155667d6fb5fdc137407f3b998c75a8a14f0030c12f5457be5084c1614385,Preprod,https://preprod.cardanoscan.io/transaction/158155667d6fb5fdc137407f3b998c75a8a14f0030c12f5457be5084c1614385,3644
Torre Volumen 2,7,Cerramientos y mampostería,Auto Pending→InProgress,STAGE_TRANSITION,38b669b2f33c33d958b8f6f4ecafe2247045b05ada288aa8d1a20780bfbf84aa,Preprod,https://preprod.cardanoscan.io/transaction/38b669b2f33c33d958b8f6f4ecafe2247045b05ada288aa8d1a20780bfbf84aa,3644
Torre Volumen 2,7,Cerramientos y mampostería,Observar (InProgress→Observed),STAGE_TRANSITION,19ebb84a3808df8417577c7dcef4292d246dfed0a4c363d1596526b1ed214c2d,Preprod,https://preprod.cardanoscan.io/transaction/19ebb84a3808df8417577c7dcef4292d246dfed0a4c363d1596526b1ed214c2d,3547
Torre Volumen 2,7,Cerramientos y mampostería,Reanudar (Observed→InProgress),STAGE_TRANSITION,102cc832b73b5aa3c95f7adc339d4c170a2ece3a7a8076df7090795909aa4814,Preprod,https://preprod.cardanoscan.io/transaction/102cc832b73b5aa3c95f7adc339d4c170a2ece3a7a8076df7090795909aa4814,3510
Torre Volumen 2,7,Cerramientos y mampostería,Certificar (InProgress→Completed),STAGE_TRANSITION,315dbbc13bae27a06ef2af9025a6f637bbe6f7f53ede69b41f2c223c0b775d23,Preprod,https://preprod.cardanoscan.io/transaction/315dbbc13bae27a06ef2af9025a6f637bbe6f7f53ede69b41f2c223c0b775d23,3479
Torre Volumen 2,8,Instalaciones,Mint (declaración),STAGE_CREATED,735f7fab3ae469793fa1a4028f58c107f81849abd84ae60911d1f852222d1352,Preprod,https://preprod.cardanoscan.io/transaction/735f7fab3ae469793fa1a4028f58c107f81849abd84ae60911d1f852222d1352,3732
Torre Volumen 2,8,Instalaciones,Ancla evidencia,EVIDENCE_ANCHOR,4a37d7aaf2b6a51ea236e38bc7316a33d6aa944fc3f9b76497dfa93244cfeb4f,Preprod,https://preprod.cardanoscan.io/transaction/4a37d7aaf2b6a51ea236e38bc7316a33d6aa944fc3f9b76497dfa93244cfeb4f,3643
Torre Volumen 2,8,Instalaciones,Auto Pending→InProgress,STAGE_TRANSITION,5065f1bfc75da300f487d69fcc434df504010aa3127aec150291d1672f4aecab,Preprod,https://preprod.cardanoscan.io/transaction/5065f1bfc75da300f487d69fcc434df504010aa3127aec150291d1672f4aecab,3643
Torre Volumen 2,8,Instalaciones,Observar (InProgress→Observed),STAGE_TRANSITION,7cc8a4e5f24fc15f47c8d1b10d783cce7d0634840455b12d0ddfdfbe1a62a54c,Preprod,https://preprod.cardanoscan.io/transaction/7cc8a4e5f24fc15f47c8d1b10d783cce7d0634840455b12d0ddfdfbe1a62a54c,3545
Torre Volumen 2,8,Instalaciones,Reanudar (Observed→InProgress),STAGE_TRANSITION,faa7d80e3b9538dff557fde2d43fac7f44d1e1674c690cfadab61b7b0cb2c261,Preprod,https://preprod.cardanoscan.io/transaction/faa7d80e3b9538dff557fde2d43fac7f44d1e1674c690cfadab61b7b0cb2c261,3507
Torre Volumen 2,8,Instalaciones,Certificar (InProgress→Completed),STAGE_TRANSITION,74058d465ec1bf0517f214f57b6eea27c07d0d85fd5a7065611e90bc48d40e98,Preprod,https://preprod.cardanoscan.io/transaction/74058d465ec1bf0517f214f57b6eea27c07d0d85fd5a7065611e90bc48d40e98,3479
Torre Volumen 2,9,Terminaciones,Mint (declaración),STAGE_CREATED,c06642bba288567c32f141bd5da62ee82a52c12c23864473ba4120b6a7f1bd88,Preprod,https://preprod.cardanoscan.io/transaction/c06642bba288567c32f141bd5da62ee82a52c12c23864473ba4120b6a7f1bd88,3731
Torre Volumen 2,9,Terminaciones,Ancla evidencia,EVIDENCE_ANCHOR,ad7e1aefb94eb8a1b2867e33be8bf6d11fb79882bb9c8a0f2c008f912d9a1d0c,Preprod,https://preprod.cardanoscan.io/transaction/ad7e1aefb94eb8a1b2867e33be8bf6d11fb79882bb9c8a0f2c008f912d9a1d0c,3641
Torre Volumen 2,9,Terminaciones,Auto Pending→InProgress,STAGE_TRANSITION,35f7ce36629175fff331a418e1efadd917a0984fe86e02ad71d35b2c0da2bdbd,Preprod,https://preprod.cardanoscan.io/transaction/35f7ce36629175fff331a418e1efadd917a0984fe86e02ad71d35b2c0da2bdbd,3641
Torre Volumen 2,9,Terminaciones,Observar (InProgress→Observed),STAGE_TRANSITION,477a5c8bb0b2958ab8ace93f497fa2d8375b08b5d4fddfba79889a289f7dcca4,Preprod,https://preprod.cardanoscan.io/transaction/477a5c8bb0b2958ab8ace93f497fa2d8375b08b5d4fddfba79889a289f7dcca4,3544
Torre Volumen 2,9,Terminaciones,Reanudar (Observed→InProgress),STAGE_TRANSITION,96b9f7ab479256e13dbc9bdd35bc553903205e7eee900c7b9717395a6835b803,Preprod,https://preprod.cardanoscan.io/transaction/96b9f7ab479256e13dbc9bdd35bc553903205e7eee900c7b9717395a6835b803,3505
Torre Volumen 2,9,Terminaciones,Certificar (InProgress→Completed),STAGE_TRANSITION,5ed43e6c8240e65a654d21f85dee44c622ced1fb1bd287f76290893dd171b1de,Preprod,https://preprod.cardanoscan.io/transaction/5ed43e6c8240e65a654d21f85dee44c622ced1fb1bd287f76290893dd171b1de,3478
Torre Volumen 2,10,Final de obra y subdivisión,Mint (declaración),STAGE_CREATED,93f98d71bede9119dd49958f9ec002b879e542dafe53558f4a3605215911ff4f,Preprod,https://preprod.cardanoscan.io/transaction/93f98d71bede9119dd49958f9ec002b879e542dafe53558f4a3605215911ff4f,3729
Torre Volumen 2,10,Final de obra y subdivisión,Ancla evidencia,EVIDENCE_ANCHOR,c34314d4276c030a43919d9d0f13b82edb3f36cb2e90cc19dfdde6e253f4a3ed,Preprod,https://preprod.cardanoscan.io/transaction/c34314d4276c030a43919d9d0f13b82edb3f36cb2e90cc19dfdde6e253f4a3ed,3637
Torre Volumen 2,10,Final de obra y subdivisión,Auto Pending→InProgress,STAGE_TRANSITION,c6d7abb1f40c74f8e5a185e152c37bf27ea1f3c2370cdaba0a6614b484eca841,Preprod,https://preprod.cardanoscan.io/transaction/c6d7abb1f40c74f8e5a185e152c37bf27ea1f3c2370cdaba0a6614b484eca841,3637
Torre Volumen 2,10,Final de obra y subdivisión,Observar (InProgress→Observed),STAGE_TRANSITION,4875496d4d31421226fca6216e41225a8c6f19fb29c5b633bdb4732e2e76dbe0,Preprod,https://preprod.cardanoscan.io/transaction/4875496d4d31421226fca6216e41225a8c6f19fb29c5b633bdb4732e2e76dbe0,3541
Torre Volumen 2,10,Final de obra y subdivisión,Reanudar (Observed→InProgress),STAGE_TRANSITION,9ba0f810eb545ddf0060c9d092cdba0cbc563b53853c6509f9ec75f85b6da3ca,Preprod,https://preprod.cardanoscan.io/transaction/9ba0f810eb545ddf0060c9d092cdba0cbc563b53853c6509f9ec75f85b6da3ca,3504
Torre Volumen 2,10,Final de obra y subdivisión,Certificar (InProgress→Completed),STAGE_TRANSITION,937b31b71561537cce17ea8a50c85e85c5f69c8af679e8bff6763eb22cf81ab3,Preprod,https://preprod.cardanoscan.io/transaction/937b31b71561537cce17ea8a50c85e85c5f69c8af679e8bff6763eb22cf81ab3,3478
Torre Volumen 3,1,Adquisición del terreno,Mint (declaración),STAGE_CREATED,478b903123df671aa422103d75b89a5ef8fce216fb2888518f471d2451b1fee8,Preprod,https://preprod.cardanoscan.io/transaction/478b903123df671aa422103d75b89a5ef8fce216fb2888518f471d2451b1fee8,3721
Torre Volumen 3,1,Adquisición del terreno,Ancla evidencia,EVIDENCE_ANCHOR,439b10c4d6cde16501854011a7326c59b5315157c2b04708c1e23196398ede2e,Preprod,https://preprod.cardanoscan.io/transaction/439b10c4d6cde16501854011a7326c59b5315157c2b04708c1e23196398ede2e,3635
Torre Volumen 3,1,Adquisición del terreno,Auto Pending→InProgress,STAGE_TRANSITION,2d8e33cb04a1e05b7f552e0c6e143adc149c7f55daad9923dec1417605e6c830,Preprod,https://preprod.cardanoscan.io/transaction/2d8e33cb04a1e05b7f552e0c6e143adc149c7f55daad9923dec1417605e6c830,3635
Torre Volumen 3,1,Adquisición del terreno,Observar (InProgress→Observed),STAGE_TRANSITION,9c54abe7db22e85d1bcbcc0ca525142e41b104f4c1be8f711771377d4e0bc358,Preprod,https://preprod.cardanoscan.io/transaction/9c54abe7db22e85d1bcbcc0ca525142e41b104f4c1be8f711771377d4e0bc358,3541
Torre Volumen 3,1,Adquisición del terreno,Reanudar (Observed→InProgress),STAGE_TRANSITION,17881ea34c88ada58eef0bb6d77533243a4da08fed8ecfde0d16894509f486a2,Preprod,https://preprod.cardanoscan.io/transaction/17881ea34c88ada58eef0bb6d77533243a4da08fed8ecfde0d16894509f486a2,3504
Torre Volumen 3,1,Adquisición del terreno,Certificar (InProgress→Completed),STAGE_TRANSITION,1d0bc8acd3918d6f35801a183e91cfe74cf789fe12835357cb706d02765c0029,Preprod,https://preprod.cardanoscan.io/transaction/1d0bc8acd3918d6f35801a183e91cfe74cf789fe12835357cb706d02765c0029,3479
Torre Volumen 3,2,Proyecto ejecutivo,Mint (declaración),STAGE_CREATED,3144dac1045e54597f3df797b097b87a660c26477ba0595b91a68bc2be80d9ab,Preprod,https://preprod.cardanoscan.io/transaction/3144dac1045e54597f3df797b097b87a660c26477ba0595b91a68bc2be80d9ab,3717
Torre Volumen 3,2,Proyecto ejecutivo,Ancla evidencia,EVIDENCE_ANCHOR,f25230d359ca45f5aa0045412577cfc533f38bddc875ddc9ead7a0d131dc1ff6,Preprod,https://preprod.cardanoscan.io/transaction/f25230d359ca45f5aa0045412577cfc533f38bddc875ddc9ead7a0d131dc1ff6,3632
Torre Volumen 3,2,Proyecto ejecutivo,Auto Pending→InProgress,STAGE_TRANSITION,2195d5cc0e277172f5e76cc2b2e4c2453f8913481d1192eb156e8ce2cd5727c1,Preprod,https://preprod.cardanoscan.io/transaction/2195d5cc0e277172f5e76cc2b2e4c2453f8913481d1192eb156e8ce2cd5727c1,3632
Torre Volumen 3,2,Proyecto ejecutivo,Observar (InProgress→Observed),STAGE_TRANSITION,9f29b951d7eb9d2b03328b341dcf970a5b51bf3632324007e10c032dfd4850be,Preprod,https://preprod.cardanoscan.io/transaction/9f29b951d7eb9d2b03328b341dcf970a5b51bf3632324007e10c032dfd4850be,3539
Torre Volumen 3,2,Proyecto ejecutivo,Reanudar (Observed→InProgress),STAGE_TRANSITION,4a160f105af3eb4df18d96523240cde2c28ed14bf33c0ab84983e698c5e4e402,Preprod,https://preprod.cardanoscan.io/transaction/4a160f105af3eb4df18d96523240cde2c28ed14bf33c0ab84983e698c5e4e402,3504
Torre Volumen 3,2,Proyecto ejecutivo,Certificar (InProgress→Completed),STAGE_TRANSITION,02ccd48a5eceb2e511ab45adf6aa1d261f04791cb389a9a66332f9c760a80bc9,Preprod,https://preprod.cardanoscan.io/transaction/02ccd48a5eceb2e511ab45adf6aa1d261f04791cb389a9a66332f9c760a80bc9,3479
Torre Volumen 3,3,Movimiento de suelos y excavación,Mint (declaración),STAGE_CREATED,bf850b52b5c2884952da8731c9599b39eb7602a60171e42c79695ed00a3391b3,Preprod,https://preprod.cardanoscan.io/transaction/bf850b52b5c2884952da8731c9599b39eb7602a60171e42c79695ed00a3391b3,3716
Torre Volumen 3,3,Movimiento de suelos y excavación,Ancla evidencia,EVIDENCE_ANCHOR,835b6b83fb1edf009fe97f9d7197b0f111acc77da3acccd560cdc01a72abc49f,Preprod,https://preprod.cardanoscan.io/transaction/835b6b83fb1edf009fe97f9d7197b0f111acc77da3acccd560cdc01a72abc49f,3628
Torre Volumen 3,3,Movimiento de suelos y excavación,Auto Pending→InProgress,STAGE_TRANSITION,4b07aad729cd5a8861fdbcf00da201669ca333cb90d895d43d5a70e62b87c347,Preprod,https://preprod.cardanoscan.io/transaction/4b07aad729cd5a8861fdbcf00da201669ca333cb90d895d43d5a70e62b87c347,3628
Torre Volumen 3,3,Movimiento de suelos y excavación,Observar (InProgress→Observed),STAGE_TRANSITION,6657dcfdcb1614ee66f7c9c525c1f5f285e242076c2f222fea13916ca92bad2f,Preprod,https://preprod.cardanoscan.io/transaction/6657dcfdcb1614ee66f7c9c525c1f5f285e242076c2f222fea13916ca92bad2f,3538
Torre Volumen 3,3,Movimiento de suelos y excavación,Reanudar (Observed→InProgress),STAGE_TRANSITION,7948229bd3215f47760142496f48518a1399fd40aff113acee1ece60ec78c452,Preprod,https://preprod.cardanoscan.io/transaction/7948229bd3215f47760142496f48518a1399fd40aff113acee1ece60ec78c452,3504
Torre Volumen 3,3,Movimiento de suelos y excavación,Certificar (InProgress→Completed),STAGE_TRANSITION,13de262947dc69cf7e8e63c02b373dbfcdb8436a1a0d3855935d2f0a64b499ba,Preprod,https://preprod.cardanoscan.io/transaction/13de262947dc69cf7e8e63c02b373dbfcdb8436a1a0d3855935d2f0a64b499ba,3478
Torre Volumen 3,4,Cimentación,Mint (declaración),STAGE_CREATED,9b1bf8420d87c8ca697574ff3dfa2dd107c5ad5de54d4e6a07aa802f8a11abd1,Preprod,https://preprod.cardanoscan.io/transaction/9b1bf8420d87c8ca697574ff3dfa2dd107c5ad5de54d4e6a07aa802f8a11abd1,3715
Torre Volumen 3,4,Cimentación,Ancla evidencia,EVIDENCE_ANCHOR,ac7625e149a06742f57d7cc5a8ab215647d96b880ce35e0ef39fb08662d12248,Preprod,https://preprod.cardanoscan.io/transaction/ac7625e149a06742f57d7cc5a8ab215647d96b880ce35e0ef39fb08662d12248,3626
Torre Volumen 3,4,Cimentación,Auto Pending→InProgress,STAGE_TRANSITION,39d31941d695af5fc4cb5dd9e14d9331d6ab4a00e674d06eeb6ea3d69f5817cf,Preprod,https://preprod.cardanoscan.io/transaction/39d31941d695af5fc4cb5dd9e14d9331d6ab4a00e674d06eeb6ea3d69f5817cf,3626
Torre Volumen 3,4,Cimentación,Observar (InProgress→Observed),STAGE_TRANSITION,eab045b18ade0bda509b1bf52c63e4495feec0aa00757c1708136786b455d8ce,Preprod,https://preprod.cardanoscan.io/transaction/eab045b18ade0bda509b1bf52c63e4495feec0aa00757c1708136786b455d8ce,3538
Torre Volumen 3,4,Cimentación,Reanudar (Observed→InProgress),STAGE_TRANSITION,a91c57f134f0431df4d3065684a3c8d1ff7ae374d7fef6295bee6f4295bc9d4d,Preprod,https://preprod.cardanoscan.io/transaction/a91c57f134f0431df4d3065684a3c8d1ff7ae374d7fef6295bee6f4295bc9d4d,3503
Torre Volumen 3,4,Cimentación,Certificar (InProgress→Completed),STAGE_TRANSITION,f2e687527c8624bf006a5fd3708e98d4fa9c301d7ad2c943cb90d7907be93dfb,Preprod,https://preprod.cardanoscan.io/transaction/f2e687527c8624bf006a5fd3708e98d4fa9c301d7ad2c943cb90d7907be93dfb,3474
Torre Volumen 3,5,Estructura planta baja,Mint (declaración),STAGE_CREATED,14a043d42ae6b6d0167edd3ffc1622dd057bd5aea14fe7cfc41ca5e6f8237e62,Preprod,https://preprod.cardanoscan.io/transaction/14a043d42ae6b6d0167edd3ffc1622dd057bd5aea14fe7cfc41ca5e6f8237e62,3712
Torre Volumen 3,5,Estructura planta baja,Ancla evidencia,EVIDENCE_ANCHOR,237284c136ae30880d9dbad12ac912271f4d448356e9043ef5fb53a2dccc6769,Preprod,https://preprod.cardanoscan.io/transaction/237284c136ae30880d9dbad12ac912271f4d448356e9043ef5fb53a2dccc6769,3626
Torre Volumen 3,5,Estructura planta baja,Auto Pending→InProgress,STAGE_TRANSITION,b21dfeab948f0034759dba2d56b1f931ed63a6658535fde0128abb736774811e,Preprod,https://preprod.cardanoscan.io/transaction/b21dfeab948f0034759dba2d56b1f931ed63a6658535fde0128abb736774811e,3625
Torre Volumen 3,5,Estructura planta baja,Observar (InProgress→Observed),STAGE_TRANSITION,1f4d989bdceb2d8108ea5c52268badcce18d9c043856ab093ff965f5b76636e8,Preprod,https://preprod.cardanoscan.io/transaction/1f4d989bdceb2d8108ea5c52268badcce18d9c043856ab093ff965f5b76636e8,3535
Torre Volumen 3,5,Estructura planta baja,Reanudar (Observed→InProgress),STAGE_TRANSITION,aab113b3703f4022cabc4c952ac1bb0de79f4e91dbebdeaef1e1fbbddcd10b9b,Preprod,https://preprod.cardanoscan.io/transaction/aab113b3703f4022cabc4c952ac1bb0de79f4e91dbebdeaef1e1fbbddcd10b9b,3502
Torre Volumen 3,5,Estructura planta baja,Certificar (InProgress→Completed),STAGE_TRANSITION,81bffe18c3f0c4463f9317a72d291df2980b661443b7bd46332673639d8baab5,Preprod,https://preprod.cardanoscan.io/transaction/81bffe18c3f0c4463f9317a72d291df2980b661443b7bd46332673639d8baab5,3472
Torre Volumen 3,6,Estructura niveles superiores,Mint (declaración),STAGE_CREATED,0c12c54224a65068a2d61fb8512f20690f2ba1973bee572a8ade476624c6a64f,Preprod,https://preprod.cardanoscan.io/transaction/0c12c54224a65068a2d61fb8512f20690f2ba1973bee572a8ade476624c6a64f,3710
Torre Volumen 3,6,Estructura niveles superiores,Ancla evidencia,EVIDENCE_ANCHOR,6d1892ea8a7029e9309df5d39ccc340204c99189cc8939eafc1fecf5de94aedc,Preprod,https://preprod.cardanoscan.io/transaction/6d1892ea8a7029e9309df5d39ccc340204c99189cc8939eafc1fecf5de94aedc,3623
Torre Volumen 3,6,Estructura niveles superiores,Auto Pending→InProgress,STAGE_TRANSITION,60752955067bc36bdf48d76b501ef3712037e91659e28c8f7e7f1e480c70c52a,Preprod,https://preprod.cardanoscan.io/transaction/60752955067bc36bdf48d76b501ef3712037e91659e28c8f7e7f1e480c70c52a,3623
Torre Volumen 3,6,Estructura niveles superiores,Observar (InProgress→Observed),STAGE_TRANSITION,b47e4a9a55249dac7be2826793b89df0c3fd7e90419d4bc0dd7660c2e1987baf,Preprod,https://preprod.cardanoscan.io/transaction/b47e4a9a55249dac7be2826793b89df0c3fd7e90419d4bc0dd7660c2e1987baf,3535
Torre Volumen 3,6,Estructura niveles superiores,Reanudar (Observed→InProgress),STAGE_TRANSITION,6975287766f9dec81075afb6563b8e5edb9f0e33087cac49c32fd99444a5de66,Preprod,https://preprod.cardanoscan.io/transaction/6975287766f9dec81075afb6563b8e5edb9f0e33087cac49c32fd99444a5de66,3502
Torre Volumen 3,6,Estructura niveles superiores,Certificar (InProgress→Completed),STAGE_TRANSITION,c69626d201aa774d2f8235366f6efc9ebae5d975c333309f528ced956d1b8dcc,Preprod,https://preprod.cardanoscan.io/transaction/c69626d201aa774d2f8235366f6efc9ebae5d975c333309f528ced956d1b8dcc,3472
Torre Volumen 3,7,Cerramientos y mampostería,Mint (declaración),STAGE_CREATED,4d170440d8b8b916dc339bca9f0f9069d9cf34bf0df17ddc67a3d69b5e481498,Preprod,https://preprod.cardanoscan.io/transaction/4d170440d8b8b916dc339bca9f0f9069d9cf34bf0df17ddc67a3d69b5e481498,3709
Torre Volumen 3,7,Cerramientos y mampostería,Ancla evidencia,EVIDENCE_ANCHOR,dfb63807a7a2a15c112ff2284df7be28a25703af692cb4f0b394f4ed650b1c2d,Preprod,https://preprod.cardanoscan.io/transaction/dfb63807a7a2a15c112ff2284df7be28a25703af692cb4f0b394f4ed650b1c2d,3620
Torre Volumen 3,7,Cerramientos y mampostería,Auto Pending→InProgress,STAGE_TRANSITION,eb69ceb31f2152cb95dad6a87d5281acb30a4cf919ca6b644a81ef7c8a656149,Preprod,https://preprod.cardanoscan.io/transaction/eb69ceb31f2152cb95dad6a87d5281acb30a4cf919ca6b644a81ef7c8a656149,3620
Torre Volumen 3,7,Cerramientos y mampostería,Observar (InProgress→Observed),STAGE_TRANSITION,7d2318bf3b5aaee4afd6733734242ac1557225a7b2d9a142bf688bb7c822329d,Preprod,https://preprod.cardanoscan.io/transaction/7d2318bf3b5aaee4afd6733734242ac1557225a7b2d9a142bf688bb7c822329d,3534
Torre Volumen 3,7,Cerramientos y mampostería,Reanudar (Observed→InProgress),STAGE_TRANSITION,7a9b534233941030028d500af7d4a45e0d9b14832302fb9261705dc550531ed9,Preprod,https://preprod.cardanoscan.io/transaction/7a9b534233941030028d500af7d4a45e0d9b14832302fb9261705dc550531ed9,3502
Torre Volumen 3,7,Cerramientos y mampostería,Certificar (InProgress→Completed),STAGE_TRANSITION,207f2b4b8ebc56ecae155ed9c1d1bea2a713f709822fdb30a01bed13743fa885,Preprod,https://preprod.cardanoscan.io/transaction/207f2b4b8ebc56ecae155ed9c1d1bea2a713f709822fdb30a01bed13743fa885,3471
Torre Volumen 3,8,Instalaciones,Mint (declaración),STAGE_CREATED,d745e249f63ee6541e8926299ff5b90b4478996f27fb58614cabbb61a28b21a7,Preprod,https://preprod.cardanoscan.io/transaction/d745e249f63ee6541e8926299ff5b90b4478996f27fb58614cabbb61a28b21a7,3707
Torre Volumen 3,8,Instalaciones,Ancla evidencia,EVIDENCE_ANCHOR,36ebc69e2199fbe8da36d5d43499aebc3a84404e78da4dfff1e6371ed588e914,Preprod,https://preprod.cardanoscan.io/transaction/36ebc69e2199fbe8da36d5d43499aebc3a84404e78da4dfff1e6371ed588e914,3619
Torre Volumen 3,8,Instalaciones,Auto Pending→InProgress,STAGE_TRANSITION,2d0e210b6c3781c1024e118882571d3986a27cb06e180f05170013325215eb9b,Preprod,https://preprod.cardanoscan.io/transaction/2d0e210b6c3781c1024e118882571d3986a27cb06e180f05170013325215eb9b,3619
Torre Volumen 3,8,Instalaciones,Observar (InProgress→Observed),STAGE_TRANSITION,1a5399c3d5261967e7c18c8230374201f298b294b04a5e177236dd41ae82e6d2,Preprod,https://preprod.cardanoscan.io/transaction/1a5399c3d5261967e7c18c8230374201f298b294b04a5e177236dd41ae82e6d2,3534
Torre Volumen 3,8,Instalaciones,Reanudar (Observed→InProgress),STAGE_TRANSITION,1efb88123d2833aaf00838299dcf30bcb8dbe46f578ff4711b5a7d4b746b3734,Preprod,https://preprod.cardanoscan.io/transaction/1efb88123d2833aaf00838299dcf30bcb8dbe46f578ff4711b5a7d4b746b3734,3500
Torre Volumen 3,8,Instalaciones,Certificar (InProgress→Completed),STAGE_TRANSITION,fdf533c69cc1a0c2773f0e3938464c09f435e13dd4555d5bee8d64aed0e0001e,Preprod,https://preprod.cardanoscan.io/transaction/fdf533c69cc1a0c2773f0e3938464c09f435e13dd4555d5bee8d64aed0e0001e,3470
Torre Volumen 3,9,Terminaciones,Mint (declaración),STAGE_CREATED,0dae3d845591855b666ffd1997124c4ca640dae617481af879a2acd9574b58fd,Preprod,https://preprod.cardanoscan.io/transaction/0dae3d845591855b666ffd1997124c4ca640dae617481af879a2acd9574b58fd,3705
Torre Volumen 3,9,Terminaciones,Ancla evidencia,EVIDENCE_ANCHOR,3c08bf9dc899eb7c21b5d80f4f6c08d364a5a32b5ad5d6722ea6a30754a0d1eb,Preprod,https://preprod.cardanoscan.io/transaction/3c08bf9dc899eb7c21b5d80f4f6c08d364a5a32b5ad5d6722ea6a30754a0d1eb,3619
Torre Volumen 3,9,Terminaciones,Auto Pending→InProgress,STAGE_TRANSITION,385c2e0192531aa42d5a93fcf89d0c810fab71e3e60342222c8bf9155d2da0a8,Preprod,https://preprod.cardanoscan.io/transaction/385c2e0192531aa42d5a93fcf89d0c810fab71e3e60342222c8bf9155d2da0a8,3619
Torre Volumen 3,9,Terminaciones,Observar (InProgress→Observed),STAGE_TRANSITION,5f918bc177f99aadc44cde11f1abd2c5d25853ba0acab304051271acc1d7ac5c,Preprod,https://preprod.cardanoscan.io/transaction/5f918bc177f99aadc44cde11f1abd2c5d25853ba0acab304051271acc1d7ac5c,3533
Torre Volumen 3,9,Terminaciones,Reanudar (Observed→InProgress),STAGE_TRANSITION,44486b07ae68be5fdb7132541556bf84d45da5b8b1640dcdab7d3649304440c5,Preprod,https://preprod.cardanoscan.io/transaction/44486b07ae68be5fdb7132541556bf84d45da5b8b1640dcdab7d3649304440c5,3500
Torre Volumen 3,9,Terminaciones,Certificar (InProgress→Completed),STAGE_TRANSITION,792c435dd3827a92c1eaebba7330eb97ccdba9129178968b378d849ae04878ca,Preprod,https://preprod.cardanoscan.io/transaction/792c435dd3827a92c1eaebba7330eb97ccdba9129178968b378d849ae04878ca,3467
Torre Volumen 3,10,Final de obra y subdivisión,Mint (declaración),STAGE_CREATED,f0bdc168eedc9f1c473c82964ccd79e65e9f4b326ced5eb01940afaa65dab563,Preprod,https://preprod.cardanoscan.io/transaction/f0bdc168eedc9f1c473c82964ccd79e65e9f4b326ced5eb01940afaa65dab563,3704
Torre Volumen 3,10,Final de obra y subdivisión,Ancla evidencia,EVIDENCE_ANCHOR,f36f1e5778943825ef55e2366097ad7e7c79fef40e48b65f913df9ac90777e4b,Preprod,https://preprod.cardanoscan.io/transaction/f36f1e5778943825ef55e2366097ad7e7c79fef40e48b65f913df9ac90777e4b,3615
Torre Volumen 3,10,Final de obra y subdivisión,Auto Pending→InProgress,STAGE_TRANSITION,692e380288714ac0c2d97a1e8e266e075c793a0e60feb4e48d2fcba498c2b43f,Preprod,https://preprod.cardanoscan.io/transaction/692e380288714ac0c2d97a1e8e266e075c793a0e60feb4e48d2fcba498c2b43f,3615
Torre Volumen 3,10,Final de obra y subdivisión,Observar (InProgress→Observed),STAGE_TRANSITION,b4b18c182592fae2770b188fa22e107910133c656054c00b55aca17346d41a21,Preprod,https://preprod.cardanoscan.io/transaction/b4b18c182592fae2770b188fa22e107910133c656054c00b55aca17346d41a21,3532
Torre Volumen 3,10,Final de obra y subdivisión,Reanudar (Observed→InProgress),STAGE_TRANSITION,03007f19893539bafd50eb8ea4f9f15493192d5adb4f3a68650245cd1575f660,Preprod,https://preprod.cardanoscan.io/transaction/03007f19893539bafd50eb8ea4f9f15493192d5adb4f3a68650245cd1575f660,3499
Torre Volumen 3,10,Final de obra y subdivisión,Certificar (InProgress→Completed),STAGE_TRANSITION,6a9d502c789bb291f1fd670a748777fa70a2d16645d77b9e38838ce6bb8e66c2,Preprod,https://preprod.cardanoscan.io/transaction/6a9d502c789bb291f1fd670a748777fa70a2d16645d77b9e38838ce6bb8e66c2,3465
